{
  "depth_total_savings_clp": -8841209.211065117,
  "depth_avg_weekly_savings_clp": -65979.17321690386,
  "timing_skus_flagged_early": 183,
  "timing_skus_flagged_late": 20,
  "timing_avg_early_weeks": 2.7158469945355193,
  "timing_avg_late_weeks": 10.75,
  "annualized_depth_savings_clp": -3430917.0072790007
}