{
  "classifier": {
    "cv_results": [
      {
        "fold": 0,
        "auc": 0.9926643021881116,
        "avg_precision": 0.9972290517842624,
        "precision": 0.9986403806934059,
        "recall": 0.9067901234567901,
        "f1": 0.9505014558395342
      },
      {
        "fold": 1,
        "auc": 0.9885549367721375,
        "avg_precision": 0.9966352901923405,
        "precision": 0.9931245225362872,
        "recall": 0.9179170344218888,
        "f1": 0.9540409136776442
      }
    ],
    "avg_auc": 0.9906096194801246,
    "avg_precision": 0.9969321709883014,
    "n_features": 58,
    "holdout": {
      "auc": 0.9957132935795195,
      "avg_precision": 0.9995447624323541,
      "precision": 0.9889867841409692,
      "recall": 1.0,
      "f1": 0.9944629014396457,
      "n_samples": 991
    },
    "improvement_vs_v1": {
      "auc_delta": 0.0023705694148020706,
      "ap_delta": 0.0014590402320765472
    }
  },
  "regressor": {
    "cv_results": [
      {
        "fold": 0,
        "mae": 0.03221054913538795,
        "rmse": 0.046143557875990705,
        "r2": 0.9128166482748691
      },
      {
        "fold": 1,
        "mae": 0.05926181245597823,
        "rmse": 0.08627170201323044,
        "r2": 0.6831183578026041
      }
    ],
    "avg_mae": 0.04573618079568309,
    "avg_r2": 0.7979675030387365,
    "n_samples": 10822,
    "holdout": {
      "mae": 0.015937085446992186,
      "rmse": 0.023744336271957468,
      "r2": 0.9657263799298391,
      "n_samples": 991
    },
    "improvement_vs_v1": {
      "mae_delta": -0.0008141187952677709,
      "r2_delta": -0.02186641030617187
    }
  },
  "brand": "HOKA",
  "version": "v2",
  "training_mode": "margin",
  "classifier_target": "should_reprice",
  "regressor_target": "optimal_disc_margin",
  "note": "Margin-optimized (prescriptive). Features: elasticity, lifecycle, size curve, seasons, inventory."
}